emp_no,last_name,first_name,dept_name
10001,Facello,Georgi,Development
10002,Simmel,Bezalel,Sales
10006,Preusig,Anneke,Development
10008,Kalloufi,Saniya,Development
10012,Bridgland,Patricio,Development
10014,Genin,Berni,Development
10016,Cappelletti,Kazuhito,Sales
10018,Peha,Kazuhide,Development
10021,Erde,Ramzi,Development
10022,Famili,Shahaf,Development
10023,Montemayor,Bojan,Development
10025,Heyers,Prasadram,Development
10027,Reistad,Divier,Development
10028,Tempesti,Domenick,Development
10031,Joslin,Karsten,Development
10034,Swan,Bader,Sales
10037,Makrucki,Pradeep,Development
10040,Meriste,Weiyi,Development
10041,Lenart,Uri,Sales
10043,Tzvieli,Yishay,Development
10048,Syrotiuk,Florian,Development
10050,Dredge,Yinghua,Sales
10053,Zschoche,Sanjiv,Sales
10056,Bernini,Brendon,Development
10057,Callaway,Ebbe,Development
10060,Billingsley,Breannda,Sales
10061,Herber,Tse,Sales
10062,Peyn,Anoosh,Development
10065,Awdeh,Satosi,Development
10066,Schusler,Kwee,Development
10068,Brattka,Charlene,Sales
10070,Garigliano,Reuven,Development
10072,Sidou,Hironoby,Development
10074,Bernatsky,Mokhtar,Development
10075,Dolinsky,Gao,Development
10076,Ritzmann,Erez,Development
10078,Mondadori,Danel,Development
10079,Gils,Kshitij,Development
10087,Eugenio,Xinglin,Sales
10088,Syrzycki,Jungsoon,Sales
10089,Flasterstein,Sudharsan,Sales
10090,Hofting,Kendra,Development
10091,Gomatam,Amabile,Development
10092,Niizuma,Valdiodio,Development
10093,Desikan,Sailaja,Sales
10095,Morton,Hilari,Sales
10099,Sullins,Valter,Sales
10101,Heyers,Perla,Sales
10103,Birch,Akemi,Development
10107,Baca,Dung,Sales
10116,Czap,Dayanand,Development
10118,Zyda,Zhonghui,Development
10121,Ramsay,Guoxiang,Development
10122,Esposito,Ohad,Development
10125,Hiltgen,Syozo,Sales
10127,Baja,Subir,Development
10129,Peir,Armond,Development
10134,Siprelle,Diederik,Development
10136,Pintelas,Zissis,Sales
10139,Foong,Ewing,Development
10142,Hettesheimer,Tzvetan,Development
10143,Bakhtari,Sakthirel,Development
10145,Esposito,Akemi,Development
10148,Azumi,Douadi,Sales
10149,Perry,Xiadong,Sales
10150,Perng,Zhenbing,Development
10151,Lichtner,Itzchak,Sales
10153,Majewski,Heekeun,Development
10157,Aloisi,Nigel,Development
10160,Khasidashvili,Debatosh,Sales
10166,Siegrist,Samphel,Development
10169,Snedden,Sampalli,Development
10172,Matzen,Shigeu,Development
10178,Litvinov,Valery,Sales
10179,Duclos,Deniz,Development
10181,Nooteboom,Sibyl,Development
10182,Merey,Moriyoshi,Development
10185,Sidhu,Duro,Sales
10189,Erva,Khalid,Development
10191,Nastansky,Zdislav,Development
10193,Cheshire,Masaru,Development
10197,Krzyzanowski,Kasidit,Development
10198,Furedi,Pranav,Development
10199,Ranta,Kazuhisa,Sales
10201,Kavraki,Idoia,Development
10202,Lichtner,Greger,Development
10204,Ritcey,Nevio,Development
10206,Iwayama,Alassane,Development
10207,Anandan,Girolamo,Development
10209,Ellozy,Yolla,Sales
10211,Strehl,Vishu,Development
10212,Esteva,Divier,Development
10214,Ciolek,Tadahiko,Sales
10215,Duclos,Xiaobin,Sales
10219,Kolvik,Genta,Development
10223,Schmiedel,Carrsten,Development
10226,Plessier,Xinglin,Sales
10227,Kaiser,Anneli,Development
10228,Cesareni,Karoline,Sales
10232,Auria,Marko,Sales
10234,Bakhtari,Arunachalam,Sales
10236,Bade,Susumu,Sales
10237,Mandell,Yannis,Sales
10238,Gire,Mototsugu,Development
10243,Pouyioutas,Wonhee,Sales
10244,Flasterstein,Foong,Development
10248,Tempesti,Frederique,Sales
10249,Boreale,Marie,Development
10253,Salinas,Zsolt,Sales
10254,Brattka,Shen,Sales
10256,Radhakrishnan,Irene,Sales
10258,Ishibashi,Basil,Development
10261,Erie,Mang,Development
10262,Maraist,Mahendra,Sales
10264,Kawashimo,Nalini,Development
10268,Siochi,Nishit,Development
10270,Hartvigsen,Bedir,Sales
10271,Eastman,Sham,Development
10273,Lieblein,Baocai,Sales
10274,Pearson,Dmitri,Development
10275,Luck,Marek,Development
10276,Hempstead,Xuejun,Development
10277,Schwartzbauer,Isaac,Sales
10278,Nitsch,Lubomir,Development
10283,Birjandi,Kauko,Development
10287,Pietracaprina,Marie,Development
10289,Poulakidas,Shay,Development
10290,Pleszkun,Yongmao,Development
10291,Seghrouchni,Dipayan,Sales
10292,Ghelli,Yucel,Sales
10294,Miara,Rutger,Development
10296,Lorho,Petter,Sales
10299,Stentiford,Ipke,Sales
10302,Baer,Faiza,Sales
10304,Erie,Bernt,Sales
10305,Piancastelli,Hirochika,Development
10306,Kilgour,Heng,Sales
10308,Holburn,Dzung,Sales
10309,Schusler,Prodip,Development
10311,Molenkamp,Hsiangchu,Development
10314,Apsitis,Christfried,Sales
10315,Angelopoulos,Maris,Development
10318,Beilner,Mototsugu,Development
10319,Miyakawa,Mechthild,Sales
10320,Stasinski,Uinam,Sales
10321,Ravishankar,Guenter,Sales
10322,Dahlbom,Isamu,Development
10324,Rouquie,Bernardo,Development
10327,Facello,Roded,Development
10328,Kawashima,Serenella,Development
10330,Bellmore,Kasturi,Sales
10331,Binkley,Arto,Sales
10333,Dymetman,Snehasis,Development
10335,Bahi,Toshimori,Sales
10342,Hiroyama,Stella,Development
10345,Ratnakar,Arra,Development
10346,Radwan,Aamod,Sales
10352,Ohori,Erzsebet,Development
10355,Cochrane,Satyanarayana,Sales
10358,Tagansky,Qunsheng,Development
10359,Sambasivam,Heekeun,Development
10361,Sidou,Seshu,Sales
10366,Piazza,Morrie,Development
10369,Toyoshima,Qunsheng,Sales
10370,Fandrianto,Clyde,Sales
10373,Heijenga,Hongzue,Development
10374,Rosin,Willard,Sales
10375,Kalafatis,Dante,Sales
10378,Lichtner,Takahira,Sales
10379,Rosis,Mikhail,Development
10380,Kamble,Alejandro,Sales
10386,Miyakawa,Eishiro,Development
10388,Kaiser,Hironoby,Sales
10389,Peir,Make,Development
10391,Akaboshi,Hongzue,Development
10394,Meriste,Shawna,Development
10395,Deverell,Takahiro,Development
10396,Rahier,Sibyl,Development
10398,Escriba,Shooichi,Sales
10399,Marchegay,Guenter,Sales
10400,Nitto,Ortrud,Sales
10403,Mungall,Atreyi,Sales
10404,Rosti,Prodip,Development
10407,Siepmann,Ulf,Sales
10408,Kaiser,Martijn,Sales
10409,Straney,Mario,Development
10410,Gecsei,Takahito,Sales
10411,Klerer,Lidong,Sales
10414,Alpin,Yinlin,Development
10415,Coorg,Mark,Development
10417,Bakhtari,Bingning,Sales
10424,Straney,Babette,Development
10426,Luce,Arunas,Development
10427,Sudbeck,Khosrow,Sales
10429,Improta,Martien,Development
10431,Bugrara,Patricio,Sales
10435,Tagansky,Marsha,Development
10439,Jarecki,Jolita,Development
10440,Narahara,Akeel,Development
10442,Unno,Volkmar,Sales
10443,Litvinov,Shichao,Development
10444,Rosis,Kazuhira,Sales
10445,Kavanagh,Junichi,Development
10446,Chepyzhov,Ebru,Development
10448,Oxenboll,Phule,Sales
10449,Sudkamp,Aleksandar,Sales
10450,Harbusch,Khun,Development
10452,Hasham,Werner,Development
10454,Badr,Wonhee,Sales
10455,Streng,Sverrir,Sales
10458,Engelmann,Gina,Sales
10460,VanScheik,Shushma,Development
10461,Karcich,Gal,Sales
10463,Zaiane,Ung,Sales
10468,Shobatake,Yoshimitsu,Sales
10469,Ananiadou,Munehiko,Development
10472,Lodder,Salvador,Sales
10477,Trogemann,Guoxiang,Development
10478,Ushiama,Maik,Development
10482,Pleszkun,Goa,Development
10485,Sundgren,Teruyuki,Development
10488,Heering,Mihalis,Development
10489,Homond,Elvia,Development
10490,Vuskovic,Huiqun,Sales
10492,Kumaresan,Lobel,Development
10493,Haraldson,Maris,Sales
10499,Luft,Maik,Sales
10500,Narwekar,Vojin,Development
10501,Larfeldt,Susuma,Development
10504,Varker,Xiong,Sales
10505,Auria,Isamu,Sales
10506,Kroll,Kazuhisa,Development
10509,Riesenhuber,Abdelwaheb,Sales
10510,Slobodova,Keung,Sales
10515,Kirkerud,Raimond,Sales
10516,Luga,Xiadong,Development
10517,Speek,Tiina,Sales
10518,Lanphier,Marin,Development
10519,Alencar,Yonghoan,Development
10521,Setia,Kwangsub,Sales
10525,Lunt,Yuchang,Sales
10527,Barvinok,Tetsushi,Development
10528,Lakshmanan,Koichi,Development
10529,Yetto,Ymte,Development
10530,Coors,Boriana,Development
10532,Wossner,Mary,Sales
10533,Smailagic,Mohamadou,Sales
10536,Sambasivam,Yechiam,Sales
10537,Benzmuller,Stella,Sales
10538,Falby,Przemyslawa,Development
10539,Reinhard,Yucel,Sales
10541,Eiter,Godehard,Sales
10542,Couchot,Yannis,Development
10547,Brobst,Snehasis,Development
10548,Gunderson,Ramalingam,Sales
10549,Kisuki,Beshir,Development
10553,Wallrath,Rajmohan,Development
10554,Gerlach,Dines,Development
10555,Picci,Vitaly,Sales
10557,Karlin,Sashi,Development
10559,Comellas,Arumugam,Sales
10560,Esteva,Yinlin,Development
10561,Joslin,Serge,Sales
10562,Pearson,Shuky,Development
10563,Spelt,Mohit,Development
10566,Zuberek,Jianhui,Development
10567,Journel,Dietrich,Sales
10568,Poulakidas,Gao,Sales
10570,Morrin,Alassane,Sales
10571,Varman,Fun,Development
10573,Speel,Tetsushi,Sales
10578,Shanbhogue,Shigeaki,Development
10579,Stentiford,Aiman,Development
10582,Juneja,Shmuel,Development
10584,Papastamatiou,Mana,Development
10585,Willoner,Sajjad,Development
10587,Srimani,Behnaam,Development
10592,Alvarado,Almudena,Sales
10593,Kenevan,Falguni,Development
10594,Whitcomb,Kiyokazu,Development
10596,Coors,Sanjit,Sales
10597,Schaad,Lucien,Sales
10599,Crelier,Seshu,Development
10600,Rettelbach,Emran,Sales
10603,Restivo,Wayne,Sales
10604,Brizzi,Susanna,Development
10606,Marakhovsky,Toshiki,Development
10607,Hambrick,Rosalyn,Development
10609,Zhang,Janche,Development
10610,Roccetti,Irena,Development
10611,Blokdijk,Karsten,Development
10616,Marwedel,Tommaso,Sales
10619,Kusakabe,Vivian,Sales
10620,Veeraraghavan,Marit,Development
10621,Siepmann,Hinrich,Development
10623,Danlos,Aleksander,Development
10625,Petereit,Leszek,Development
10628,Krogh,Krisda,Development
10629,Francisci,Lalit,Sales
10631,Chaudhuri,Inderjeet,Development
10632,Velardi,Yoshimitsu,Development
10633,Herber,Sorina,Sales
10634,Chepyzhov,Nahid,Development
10637,Frolund,Heejo,Sales
10638,Borovoy,Jenwei,Sales
10639,Erol,Pramod,Development
10640,Meszaros,Anneke,Sales
10641,Zucker,Guozhong,Development
10642,Narlikar,Hirochika,Development
10643,Keirsey,Slavian,Development
10644,Benaini,Pranas,Sales
10648,Ratnaker,Marlo,Development
10650,Chepyzhov,Hongzhu,Development
10653,Feinberg,Otmar,Development
10655,Dalton,Remko,Sales
10659,Shackel,Dinah,Development
10660,Kolinko,Jouko,Development
10663,Noriega,Teunis,Development
10665,Snyers,Qingxiang,Development
10670,McAffer,Shunichi,Sales
10673,Casperson,Hyuckchul,Development
10674,Bisiani,Abdelaziz,Development
10676,Danley,Valeri,Development
10677,Perng,Alejandra,Development
10678,Gide,Chriss,Development
10680,Honglei,Kish,Development
10681,Garnier,Florina,Sales
10686,Azadmanesh,Avishai,Development
10690,Jumpertz,Matt,Development
10691,Setia,Denny,Development
10692,Bage,Larisa,Sales
10696,Fendler,Unal,Development
10698,Engberts,Barton,Development
10700,Mondadori,Angel,Development
10701,Zolotykh,Hyuncheol,Sales
10702,Szemeredi,Bader,Development
10705,Wynblatt,Hironobu,Sales
10707,Trystram,Moty,Development
10709,Mateescu,Jiafu,Development
10710,Kermarrec,Sorina,Sales
10711,DuBourdieux,Arvind,Development
10712,Koprowski,Uma,Development
10714,Sadowsky,Aran,Development
10716,Constantine,Aiman,Development
10718,Rullman,Adib,Development
10719,Karunanithi,Guenter,Development
10725,Isard,Garnet,Sales
10726,Minakawa,Zita,Development
10730,Janetzko,Mohit,Development
10738,Oppitz,Rosita,Development
10739,Iacovou,Gor,Development
10740,Sadowski,Suzette,Development
10742,Wiegley,Shim,Development
10744,Syang,Yaghout,Sales
10746,Usery,Kolar,Development
10750,Demeyer,Roddy,Development
10751,Ushiama,Jordanka,Development
10754,Feinberg,Chenyi,Sales
10755,Ressouche,Odysseas,Development
10756,Brizzi,Paddy,Development
10757,Simkin,Florina,Development
10764,Beetstra,Yunming,Development
10765,Norsworthy,Goetz,Sales
10767,Doering,Monique,Sales
10769,Bouloucos,Vishv,Development
10770,Perry,Bedir,Sales
10772,Dayana,Munehiro,Development
10776,Skafidas,Mahmut,Development
10784,Bottner,Weijing,Development
10788,Ullian,Frazer,Sales
10791,Sgarro,Tadahiko,Development
10792,Birdsall,Chinya,Development
10793,Roisin,Oksana,Development
10795,Naudin,Supot,Sales
10797,Hiyoshi,Goetz,Development
10799,Griswold,Gad,Development
10804,Benantar,Terresa,Sales
10807,Zallocco,Munehiro,Sales
10808,Leijenhorst,Chenxi,Development
10809,Feldhoffer,Shim,Development
10810,Lunn,Lijie,Sales
10813,Shumilov,Shalesh,Sales
10814,Dymetman,Nidapan,Sales
10817,Rullman,Uri,Sales
10821,Schurmann,Irena,Development
10822,Passino,Masaru,Development
10825,Fairtlough,Fan,Development
10826,Anandan,Arnd,Development
10828,Gammage,Godehard,Sales
10831,Driscoll,Toong,Development
10832,Bergere,Hidde,Sales
10836,Leivant,Jianhua,Sales
10837,Karlin,Chuanti,Sales
10842,Sanella,Berni,Development
10843,Smeets,Honesty,Development
10844,Koprowski,Dipayan,Development
10845,Tasistro,Hidde,Development
10846,Serre,Tokuyasu,Development
10849,Mayerwieser,Makato,Development
10854,Nannarelli,Jagoda,Development
10855,Reinhart,Kwangho,Sales
10857,Stenning,Fusako,Sales
10858,Gonthier,Kenroku,Development
10861,Baek,Howell,Development
10862,Kadhim,Zhenbing,Sales
10864,Spieker,Elliott,Sales
10865,Etalle,Danco,Sales
10876,Papastamatiou,Vincent,Sales
10878,Deville,Lakshmi,Sales
10879,Chleq,Muzhong,Development
10882,Heuser,Fun,Development
10884,Kleiser,Teunis,Development
10885,Cronau,Rayond,Sales
10886,Begiun,Sushant,Development
10887,DeMori,Lunjin,Development
10888,Dredge,Kwangho,Development
10889,Coors,Cheong,Sales
10890,Furudate,Ramzi,Sales
10891,Jiang,Susanne,Development
10895,Petersohn,Vishwani,Sales
10897,Kumaresan,Arno,Sales
10900,Prenel,Ferdinand,Development
10902,Perly,Inderjeet,Development
10904,Colorni,Debatosh,Development
10906,Carrere,Munehiro,Sales
10909,Atchley,Georgi,Development
10914,Prochazka,Mizuhito,Sales
10916,Spataro,Make,Development
10917,Slaats,Tesuya,Development
10922,Wossner,Kyoichi,Sales
10923,Maquelin,Younwoo,Sales
10924,Atchley,Hironoby,Sales
10932,Picci,Avishai,Development
10937,Nanard,Anyuan,Development
10940,Fioravanti,Aleksander,Development
10942,Larfeldt,Toshimitsu,Development
10943,Skafidas,Berna,Development
10948,Brodie,Shigehito,Development
10952,Bharadwaj,Inderjeet,Development
10953,Laventhal,Jahangir,Sales
10955,Danley,Urs,Sales
10956,Picel,Arno,Development
10957,Schnabel,Duke,Sales
10958,Katalagarianos,Huican,Development
10959,Vigier,Kerryn,Sales
10960,Braunschweig,Billur,Sales
10961,Choobineh,Weiwu,Development
10962,Kugler,Naraig,Sales
10963,Swist,Hatsukazu,Development
10965,Braunschweig,Eckart,Sales
10967,Adachi,Eran,Development
10968,Kolinko,Lakshmi,Sales
10969,Noriega,Premal,Development
10971,Vadhan,Isamu,Development
10972,Asser,Fumiko,Development
10973,Raczkowsky,Valdiodio,Development
10974,Papsdorf,Muneo,Development
10977,Murrill,Toong,Sales
10980,Munawer,Filipp,Development
10981,Dulin,Sugwoo,Sales
10985,Furedi,Chiradeep,Development
10986,Schiper,Masako,Development
10987,Baezner,Flemming,Development
10988,Deyuan,Chinya,Development
10990,Foote,Shin,Development
10991,Aingworth,Munehiro,Development
10992,Juneja,Zhensheng,Development
10994,Aingworth,Divine,Development
10996,Rahimi,Matk,Sales
10998,Kandlur,Marlo,Sales
10999,Benveniste,Insup,Development
11000,Bonifati,Alain,Development
11001,Buchter,Baziley,Development
11002,Ulupinar,Bluma,Sales
11003,Gulla,Mariangiola,Development
11005,Douceur,Byong,Development
11007,Maccarone,Olivera,Development
11008,Menhoudj,Gennady,Sales
11009,Axelband,Alper,Sales
11011,Hofstetter,Moti,Development
11013,Vesel,Breannda,Development
11015,Riesenhuber,Jeanna,Sales
11016,Rajaraman,Sibyl,Development
11017,Sanella,Jovan,Development
11018,Luby,Berthier,Development
11019,Huttel,Leon,Development
11020,Encarnacion,Weiwu,Development
11022,Pintelas,Apostol,Sales
11023,Driscoll,Yifei,Sales
11024,Collavizza,Manton,Sales
11029,Itzfeldt,Georgi,Sales
11030,Hellwagner,Kwan,Sales
11032,Schaaf,Erez,Development
11033,Bahk,Shushma,Development
11042,Breugel,Gou,Development
11043,Range,Iara,Development
11044,Cherinka,Elvia,Sales
11048,Demke,Jaques,Sales
11049,Apsitis,Gift,Sales
11055,Neiman,Shaleah,Sales
11056,Speel,Palash,Sales
11057,Vural,Adly,Sales
11059,Jarecki,Shawna,Development
11060,Pokrovskii,Genevieve,Sales
11061,Erni,Pintsang,Sales
11071,Sigstam,Kwan,Development
11073,Clemencon,Yuriy,Development
11076,Schaad,Youssef,Development
11078,Chenoweth,Beshir,Development
11079,Garigliano,Piyush,Development
11082,Fontan,Deniz,Development
11086,Dalphin,Yishai,Sales
11088,Hennings,Sadun,Development
11089,Henders,Conal,Sales
11092,Stamatiou,Narain,Sales
11093,Kitai,Licheng,Development
11097,Rissanen,Jovan,Sales
11098,Covnot,Arnd,Development
11099,Spataro,Woody,Sales
11101,Horswill,Manibrata,Development
11102,Carrera,Bernardo,Sales
11103,Penttonen,Sanjai,Development
11104,Swan,Hein,Development
11106,Iwayama,Aris,Development
11109,Stamatiou,Chinho,Sales
11120,Curless,Masato,Sales
11121,Kakkad,Vugranam,Development
11124,Porenta,Gladys,Sales
11125,Spieker,Munir,Development
11129,Pulkowski,Goncalo,Development
11136,Luiz,Gladys,Development
11137,Luca,Hugh,Development
11138,Matteis,Adel,Development
11140,Gihr,Elgin,Development
11141,Kermarrec,Vasiliy,Development
11142,Raney,Moheb,Development
11143,Rosen,Yongdong,Development
11144,Heinisuo,Carrsten,Sales
11146,Masand,Ishfaq,Sales
11147,Nitsch,Ayonca,Development
11149,Imataki,Domenico,Sales
11150,Garigliano,Geraldo,Sales
11151,Reinhard,Gor,Development
11155,Yetto,Moon,Sales
11156,Armand,Tomoyuki,Development
11157,Cochrane,Mario,Development
11159,Schlenzig,Becky,Sales
11160,Nivat,Anwar,Development
11162,Narlikar,Kauko,Development
11163,Huttel,Djenana,Sales
11164,Limongiello,Alain,Sales
11168,Tetzlaff,Shmuel,Sales
11169,Serra,Moss,Development
11170,Cannard,Minghong,Development
11172,Sudkamp,Kristian,Sales
11175,Rajaraman,Aksel,Development
11177,dAstous,Chrisa,Development
11180,Bojadziev,Mitsuyuki,Development
11181,Cullers,Hausi,Development
11182,Steinauer,Tze,Development
11183,Serdy,Herbert,Development
11187,Makinen,Koldo,Development
11189,Bodoff,Dante,Sales
11190,Mellouli,Saeko,Sales
11194,Tempesti,Giap,Development
11196,Breugel,Gennadi,Development
11197,Fordan,Tadahiro,Sales
11198,Gini,Leif,Sales
11199,Srimani,Ortrud,Development
11200,Junet,Renny,Development
11205,Ebeling,Tayeb,Sales
11206,Sury,Steen,Sales
11207,Gips,Saeed,Development
11212,Peternell,Teruyuki,Sales
11214,Ibel,Elgin,Sales
11219,Heuter,Youpyo,Development
11221,Hammerschmidt,Alselm,Development
11222,Neimat,Yishai,Sales
11223,Crelier,Weicheng,Development
11226,Akiyama,Margareta,Sales
11230,Tzvieli,Yakichi,Development
11233,Waschkowski,Sanjit,Development
11237,Salinas,Brendon,Sales
11238,Chenoweth,Kwan,Development
11239,Kenevan,Gurbir,Sales
11240,Condotta,Kiam,Development
11241,Clemencon,Yolla,Sales
11246,Reinhart,Maik,Development
11248,Tsukuda,Uinam,Sales
11249,Cyre,Randi,Development
11252,Dulin,Rutger,Development
11253,Pokrovskii,Koldo,Development
11254,Rindone,Danel,Sales
11255,Karunanithi,Ortrud,Development
11256,Ratzlaff,Gudjon,Sales
11257,Pews,Weidon,Development
11259,Gronowski,Amalendu,Sales
11264,Oehlmann,Uma,Development
11267,Zaumen,Shaunak,Development
11269,Slutz,Garnik,Sales
11271,Rajaraman,Hidde,Sales
11272,Molenkamp,Frederique,Sales
11275,Eppinger,Hitomi,Development
11277,Ritcey,Munehiro,Development
11282,Schaad,Josyula,Sales
11286,Gini,Joydip,Sales
11288,Eastman,Domenico,Sales
11289,Cherinka,Chuanti,Development
11290,Dredge,Visit,Development
11291,Glowinski,Gino,Development
11292,Sichman,Souichi,Development
11293,Birge,Naftali,Development
11294,Segond,Tru,Development
11298,Alvarado,Jiong,Development
11300,Fontet,Lillian,Development
11302,Senzako,Shem,Sales
11303,Usery,Jaewoo,Development
11304,Azadmanesh,Rajmohan,Development
11306,Reeken,Subhankar,Sales
11307,Dratva,Mohd,Sales
11308,Tibblin,Tadahiro,Development
11310,Swab,Jianhua,Sales
11315,Meriste,Neven,Sales
11316,Farrar,Ult,Development
11317,Hagimont,Shigeaki,Development
11318,Unno,Gopalakrishnan,Sales
11319,Marrakchi,Pranas,Development
11323,Pfau,Hyuckchul,Development
11325,Rossi,Samphel,Development
11326,Plesums,Munenori,Development
11328,Ferriere,Xiong,Sales
11329,McConalogue,Limsoon,Sales
11332,Coney,Gunilla,Development
11333,Slobodova,Heon,Development
11334,Vural,Yurij,Sales
11335,Plump,Bernd,Development
11338,Hanratty,Kwangsub,Sales
11341,Ranka,Heng,Development
11343,Erez,Susanne,Development
11344,Gulak,Paddy,Sales
11345,Maierhofer,Youngkon,Development
11347,Jonsson,Anneli,Development
11350,Moehrke,Zito,Development
11353,Berztiss,Utpal,Sales
11359,Jayawardene,Subhrajyoti,Sales
11360,Schach,Fen,Sales
11364,Oppitz,Yucai,Development
11366,Rajaraman,Yinlin,Development
11368,Bail,Gino,Development
11370,Erie,Marek,Development
11371,Masamoto,Tadahiko,Development
11372,Vilarrasa,Susanta,Sales
11377,Rosti,Dayanand,Sales
11378,Katiyar,Masamitsu,Development
11379,Chenoweth,Guiseppe,Development
11380,Pelc,Kenroku,Development
11382,Otillio,Akemi,Development
11389,Provine,Ronnie,Sales
11396,Servieres,Anneke,Development
11397,Kisuki,Fumiya,Development
11401,Merey,Huan,Sales
11402,Brizzi,Freyja,Sales
11404,Borovoy,Bedrich,Development
11405,Kobuchi,Clyde,Development
11410,Vendrig,Gro,Development
11412,Demeyer,Werner,Sales
11419,Terkki,Leaf,Development
11425,Crelier,Renee,Development
11427,Iisaka,Haldun,Sales
11429,Kaminger,Nagui,Sales
11430,Klassen,Georgi,Sales
11433,Cairo,Chiranjit,Development
11438,Heping,Morris,Development
11440,Jahnichen,Lubomir,Development
11441,Aingworth,Marlo,Sales
11443,Nivat,Szabolcs,Sales
11445,Denny,Lijie,Development
11446,Narahara,Naftali,Development
11448,Biron,Yolla,Development
11455,Wolniewicz,Jianhui,Development
11456,Seuren,Anyuan,Development
11465,Porenta,Tomoyuki,Development
11468,Maksimenko,Navin,Sales
11470,Michaels,Khalid,Development
11472,Ghandeharizadeh,Constantino,Sales
11473,Eugenio,Jiakeng,Development
11478,Ginneken,Nidapan,Sales
11480,Itschner,Masoud,Sales
11482,Deverell,Uri,Sales
11483,Mateescu,Zine,Sales
11484,Siepmann,Holgard,Sales
11486,Ramaiah,Itzchak,Sales
11491,Matteis,Maha,Development
11493,Sevcikova,Shen,Sales
11495,Barriga,Shin,Sales
11500,Weedon,Ranan,Development
11502,Cochrane,Zhaofang,Development
11503,Picht,Nathan,Development
11506,Picel,Rance,Sales
11509,Feldhoffer,Aleksander,Development
11512,Hagimont,Nidapan,Development
11515,Basawa,Ulf,Sales
11516,Sethi,Hironoby,Development
11519,Chinen,Halsur,Sales
11521,Eastman,Eldridge,Sales
11523,Pezzoli,Yuguang,Development
11524,Standera,Xiadong,Development
11530,Jarecki,Oscar,Sales
11533,Lorch,Vitaly,Development
11534,Besancenot,Surveyors,Development
11535,Ohori,Aemilian,Sales
11537,Pehl,DAIDA,Sales
11546,Vuskovic,Duro,Sales
11547,Flexer,Kyoichi,Sales
11548,Leuchs,Nahid,Development
11551,Gonthier,Subhrajyoti,Development
11552,Ferretti,Tommaso,Sales
11556,Hashii,Masasuke,Sales
11557,Pesch,Candido,Sales
11565,Sankaranarayanan,Yoshinari,Development
11567,Mitzlaff,Teiji,Sales
11568,Fujisaki,Martins,Development
11569,Geffroy,Kasidit,Development
11573,Hutton,Pranas,Development
11575,Plotkin,Godehard,Development
11579,Merel,Jinxi,Sales
11581,Rosenbaum,Patricio,Development
11584,Waymire,Pradeep,Development
11585,Vandervoorde,Chaitali,Development
11586,Orsini,Shridhar,Sales
11587,Zambonelli,Shem,Development
11589,Plessier,Gina,Development
11590,Eppinger,Adel,Development
11592,Nishimukai,Hilary,Development
11594,Butner,Pradeep,Sales
11597,Talmon,Yongdong,Development
11598,Ertl,Sariel,Development
11601,Ritzmann,Erez,Sales
11604,Baar,Deborah,Development
11609,Marrakchi,Sigeru,Sales
11611,Mateescu,Annemarie,Sales
11612,Baar,Siamak,Development
11613,Marchesini,Lijia,Development
11615,Isaak,Shem,Sales
11618,Juneja,Gian,Sales
11619,Ozeki,Taiji,Sales
11620,Gadepally,Kwangho,Development
11621,Baaleh,Ottavia,Sales
11625,Hemaspaandra,Kokou,Development
11628,Malinowski,Fan,Development
11632,Bach,Baoqiu,Sales
11633,Teitelbaum,Kazuyasu,Development
11634,Fraisse,Turgut,Development
11635,Mahnke,Nalini,Development
11636,Shiratori,Fumitaka,Development
11637,Melton,Sangeeta,Development
11639,Herath,Khatoun,Development
11640,Coorg,Valeri,Development
11641,Rothenberg,Chikako,Development
11642,Verhoeff,Dmitri,Development
11646,Rubsam,Lobel,Development
11647,Nitsche,Magy,Development
11649,Bernardinello,Shen,Development
11653,Ananiadou,Mohammed,Development
11655,Broomell,Gift,Development
11658,Streng,Hongzue,Development
11659,Pileggi,Tremaine,Sales
11660,Stenning,Gill,Sales
11662,Hofting,Mokhtar,Sales
11663,Trumbly,Maria,Sales
11664,Brizzi,Oksana,Sales
11666,Chimia,Uno,Sales
11668,Wursthorn,Hiroyasu,Sales
11671,Babu,Pranjal,Sales
11672,Businaro,Munir,Sales
11679,Denna,Bedrich,Development
11680,Iwayama,Aral,Sales
11688,Coullard,Denis,Sales
11693,Coorg,Hideo,Development
11696,Rothe,Dante,Sales
11697,Merey,JoAnne,Development
11698,Azevdeo,Arun,Sales
11702,Kriebel,Radhia,Development
11706,Remmers,Tesuya,Sales
11707,Hettesheimer,Tooru,Development
11708,Angot,Chenye,Sales
11711,Kuzuoka,Xianlong,Development
11715,Albarhamtoshy,Arnd,Sales
11716,Leijenhorst,Anneli,Development
11717,Chaudhury,Mona,Sales
11718,Marshall,Richard,Sales
11719,Baez,Claudi,Development
11720,Heusch,Abdulla,Sales
11721,Heydon,Xuejun,Development
11723,Bauknecht,Halsur,Sales
11728,Makrucki,Serge,Sales
11729,Engberts,Xiong,Sales
11730,Delaune,Tzu,Sales
11733,Sudbeck,Leszek,Development
11740,Pero,Isaac,Sales
11743,Huttel,Clyde,Development
11746,Marrakchi,Koichi,Sales
11747,Kossowski,Aksel,Sales
11748,Massonet,Lihong,Development
11749,Penttonen,Masamitsu,Development
11753,Nishimukai,Fayez,Sales
11756,Vakili,Abdelwaheb,Development
11757,Meriste,Jackson,Development
11758,Gerlach,Jinpo,Development
11763,Liesche,Yuriy,Development
11766,Berztiss,Nimmagadda,Development
11767,Kusakabe,Ortrud,Development
11769,Lampe,Chandrasekaran,Development
11770,Jakobus,Arumugam,Development
11772,Penz,Gaurav,Development
11773,Lorys,Naftaly,Sales
11775,Xiaoshan,Sajjad,Development
11780,Sewelson,Sugwoo,Development
11781,Pluym,Tua,Sales
11785,Kalsbeek,Hongzhu,Sales
11790,Henseler,Huai,Development
11791,Mamelak,Gal,Development
11792,Aumann,Gina,Development
11794,Ghandeharizadeh,Atreye,Development
11795,Erman,Herbert,Development
11797,Thambidurai,Chenxi,Sales
11799,Silva,Duro,Development
11800,Fraisse,Aamer,Development
11801,Dayang,Tommaso,Sales
11802,Benzmuller,Katsuo,Development
11804,Rusterholz,Bikash,Development
11805,Grandbois,Rosine,Development
11806,Leivant,Shan,Development
11808,Rosiles,Morrie,Development
11809,Bennis,Anneli,Development
11810,Bhattacharjee,Amabile,Development
11811,Boissier,Herb,Sales
11813,Muhlberg,Gita,Sales
11817,Markovitch,Niranjan,Sales
11818,Matteis,Dmitry,Development
11820,Badache,Danil,Development
11823,Iacovou,Weiyi,Development
11824,Karcich,Zhensheng,Development
11828,Paciorek,Mikhail,Sales
11830,Snedden,Maya,Sales
11832,Zlotek,Arto,Development
11834,Wegerle,Mana,Development
11837,Sury,Shigeaki,Development
11838,Nitta,Taiji,Sales
11840,Hofman,Jayson,Sales
11844,Demeyer,Shawna,Development
11849,Homond,Chenye,Sales
11850,Maginnis,Bikash,Sales
11852,Yurek,Zhongwei,Sales
11857,Farrag,Divier,Sales
11859,Muhlberg,Ipke,Sales
11861,Claffy,Vincent,Development
11863,Peng,Stella,Development
11871,Sommen,Nalini,Development
11873,Reeken,Venkatesan,Sales
11874,Motley,Baoqiu,Sales
11876,Kobuchi,Leszek,Development
11880,Esposito,Akeel,Sales
11881,Staelin,Arra,Sales
11882,Manders,Zhonghua,Sales
11884,Moehrke,Patricia,Sales
11885,Velasco,Sandeepan,Development
11887,Kragelund,Marke,Development
11889,Baez,Guiseppe,Development
11890,Kirkerud,Remmert,Sales
11891,Bail,Hyuncheol,Development
11892,Lorys,Tesuro,Sales
11893,Zobel,Vitali,Development
11894,Validov,Mitchel,Development
11895,Schreiter,Flemming,Development
11897,Setlzner,Cordelia,Sales
11904,Flasterstein,DeForest,Sales
11906,Boguraev,Hideo,Development
11908,Iisaku,Candida,Sales
11910,Luders,Tamiya,Development
11911,Mondadori,Ashish,Development
11912,Giaccio,Kristian,Development
11913,Pokrovskii,Gil,Development
11920,Chinal,Kasturi,Development
11927,Aingworth,Mana,Sales
11928,Wroclawski,Mang,Development
11929,Beeson,Kendra,Development
11933,Erman,Basil,Development
11934,Deville,Diederik,Development
11936,Jonsson,Oddvar,Sales
11940,Anido,Ult,Development
11941,Cyre,Gaurav,Sales
11943,Chachaty,Ramalingam,Development
11946,Maraist,Charlene,Sales
11947,Lortz,Kiyomitsu,Sales
11950,Cichocki,Horward,Development
11951,Haumacher,Bernt,Development
11954,Krupka,Hidde,Development
11955,Eastman,Domenico,Development
11957,Radivojevic,Frederique,Development
11959,Pettis,Duro,Development
11961,Birdsall,Sumant,Sales
11962,Erde,Niranjan,Sales
11964,Norsworthy,Tzu,Sales
11966,Rotem,Poornachandra,Sales
11968,Dayang,Mitchel,Development
11969,Lorcy,Sibyl,Sales
11970,Marrakchi,Toong,Development
11975,Moehrke,Ger,Development
11978,Khalid,Aran,Development
11980,Pews,Yechezkel,Sales
11981,Horswill,LiMin,Development
11983,Hedayat,Jaana,Development
11984,Luit,Vasilii,Development
11988,Chinin,Chinya,Development
11990,Matheson,Chanjung,Development
11996,Junot,Ayakannu,Development
11998,Juneja,Conal,Development
12004,Schlenzig,Lucien,Development
12006,Erol,Remco,Development
12007,Dehkordi,Marko,Development
12009,Stifter,Sariel,Development
12011,Coorg,Zhilian,Sales
12012,Zolotykh,Syozo,Sales
12013,Vidya,Baziley,Sales
12016,Schaaf,Charlene,Development
12018,Morton,Fai,Development
12026,Pleszkun,Moon,Sales
12027,Vuskovic,Zhanqiu,Development
12028,Walstra,Ingemar,Development
12032,Etalle,Oguz,Development
12033,Serot,Visit,Development
12034,Piazza,Aemilian,Sales
12036,Ratzlaff,Mads,Sales
12038,Businaro,Aruna,Development
12042,Swan,Torsten,Development
12045,Boguraev,Mototsugu,Development
12046,Ranum,Xiong,Sales
12052,Khasidashvili,Masako,Development
12054,Braccini,Odysseas,Sales
12056,Genther,Nirmal,Development
12058,Khamsi,Qunsheng,Development
12067,Kalsbeek,Doowon,Sales
12069,Burnard,Ayonca,Development
12070,Shokrollahi,Ger,Development
12071,Barinka,Udi,Development
12074,Bugaenko,Mahmut,Development
12075,Felcyn,JiYoung,Development
12076,Siprelle,Karlis,Sales
12077,Hutton,Steve,Development
12080,Feinberg,Panayotis,Sales
12082,Yamaashi,Xinan,Sales
12084,Krohm,Morris,Development
12086,Ariola,Kensyu,Development
12087,Jumpertz,Weijing,Development
12093,Oxenboll,Evgueni,Development
12097,Serdy,Mostafa,Sales
12098,Eugenio,Pranay,Sales
12099,Kuzuoka,Nobuyoshi,Sales
12100,Beznosov,Nevio,Sales
12101,Karcich,Unal,Development
12102,Erde,Aron,Sales
12107,Antonisse,Manibrata,Development
12108,Frezza,Akeel,Development
12109,Junet,Tomokazu,Development
12113,DeMori,Larisa,Sales
12115,Candan,Moni,Development
12116,Levergood,Atreye,Development
12117,Rosaz,Zvonko,Development
12119,Peot,Sachin,Sales
12125,Erman,Shounak,Development
12128,Barreiro,Yannik,Sales
12129,Isaac,Hairong,Sales
12146,Garnick,Urs,Sales
12149,Grandbois,Suebskul,Sales
12159,Perly,Shem,Development
12160,Garrabrants,Aamer,Sales
12163,Sewelson,Khun,Development
12164,Chachaty,Muneo,Development
12165,Maquelin,Xiaobin,Development
12174,Plavsic,Slavian,Development
12176,Holburn,Christoper,Development
12177,Pardalos,Shahar,Development
12178,Chinal,Miyeon,Sales
12179,Koshino,Arto,Development
12180,Ruemmler,Heejo,Development
12184,Zhang,Chenxi,Sales
12189,Redmiles,Berni,Sales
12190,Engberts,Abdulah,Development
12194,Braunschweig,Florian,Development
12195,Taneja,Gay,Development
12198,Huxford,Shai,Development
12199,Poupard,Huan,Sales
12205,Rossi,Sushant,Development
12206,Janetzko,Barton,Development
12208,Passino,Bartek,Development
12213,Brizzi,Kwangho,Sales
12215,Ecklund,Billie,Development
12221,Melter,Vincent,Development
12224,Lenart,Nikolaus,Sales
