emp_no,last_name,first_name
10002,Simmel,Bezalel
10016,Cappelletti,Kazuhito
10034,Swan,Bader
10041,Lenart,Uri
10050,Dredge,Yinghua
10053,Zschoche,Sanjiv
10060,Billingsley,Breannda
10061,Herber,Tse
10068,Brattka,Charlene
10087,Eugenio,Xinglin
10088,Syrzycki,Jungsoon
10089,Flasterstein,Sudharsan
10093,Desikan,Sailaja
10095,Morton,Hilari
10099,Sullins,Valter
10101,Heyers,Perla
10107,Baca,Dung
10125,Hiltgen,Syozo
10136,Pintelas,Zissis
10148,Azumi,Douadi
10149,Perry,Xiadong
10151,Lichtner,Itzchak
10160,Khasidashvili,Debatosh
10178,Litvinov,Valery
10185,Sidhu,Duro
10199,Ranta,Kazuhisa
10209,Ellozy,Yolla
10214,Ciolek,Tadahiko
10215,Duclos,Xiaobin
10226,Plessier,Xinglin
10228,Cesareni,Karoline
10232,Auria,Marko
10234,Bakhtari,Arunachalam
10236,Bade,Susumu
10237,Mandell,Yannis
10243,Pouyioutas,Wonhee
10248,Tempesti,Frederique
10253,Salinas,Zsolt
10254,Brattka,Shen
10256,Radhakrishnan,Irene
10262,Maraist,Mahendra
10270,Hartvigsen,Bedir
10273,Lieblein,Baocai
10277,Schwartzbauer,Isaac
10291,Seghrouchni,Dipayan
10292,Ghelli,Yucel
10296,Lorho,Petter
10299,Stentiford,Ipke
10302,Baer,Faiza
10304,Erie,Bernt
10306,Kilgour,Heng
10308,Holburn,Dzung
10314,Apsitis,Christfried
10319,Miyakawa,Mechthild
10320,Stasinski,Uinam
10321,Ravishankar,Guenter
10330,Bellmore,Kasturi
10331,Binkley,Arto
10335,Bahi,Toshimori
10346,Radwan,Aamod
10355,Cochrane,Satyanarayana
10361,Sidou,Seshu
10369,Toyoshima,Qunsheng
10370,Fandrianto,Clyde
10374,Rosin,Willard
10375,Kalafatis,Dante
10378,Lichtner,Takahira
10380,Kamble,Alejandro
10388,Kaiser,Hironoby
10398,Escriba,Shooichi
10399,Marchegay,Guenter
10400,Nitto,Ortrud
10403,Mungall,Atreyi
10407,Siepmann,Ulf
10408,Kaiser,Martijn
10410,Gecsei,Takahito
10411,Klerer,Lidong
10417,Bakhtari,Bingning
10427,Sudbeck,Khosrow
10431,Bugrara,Patricio
10442,Unno,Volkmar
10444,Rosis,Kazuhira
10448,Oxenboll,Phule
10449,Sudkamp,Aleksandar
10454,Badr,Wonhee
10455,Streng,Sverrir
10458,Engelmann,Gina
10461,Karcich,Gal
10463,Zaiane,Ung
10468,Shobatake,Yoshimitsu
10472,Lodder,Salvador
10490,Vuskovic,Huiqun
10493,Haraldson,Maris
10499,Luft,Maik
10504,Varker,Xiong
10505,Auria,Isamu
10509,Riesenhuber,Abdelwaheb
10510,Slobodova,Keung
10515,Kirkerud,Raimond
10517,Speek,Tiina
10521,Setia,Kwangsub
10525,Lunt,Yuchang
10532,Wossner,Mary
10533,Smailagic,Mohamadou
10536,Sambasivam,Yechiam
10537,Benzmuller,Stella
10539,Reinhard,Yucel
10541,Eiter,Godehard
10548,Gunderson,Ramalingam
10555,Picci,Vitaly
10559,Comellas,Arumugam
10561,Joslin,Serge
10567,Journel,Dietrich
10568,Poulakidas,Gao
10570,Morrin,Alassane
10573,Speel,Tetsushi
10592,Alvarado,Almudena
10596,Coors,Sanjit
10597,Schaad,Lucien
10600,Rettelbach,Emran
10603,Restivo,Wayne
10616,Marwedel,Tommaso
10619,Kusakabe,Vivian
10629,Francisci,Lalit
10633,Herber,Sorina
10637,Frolund,Heejo
10638,Borovoy,Jenwei
10640,Meszaros,Anneke
10644,Benaini,Pranas
10655,Dalton,Remko
10670,McAffer,Shunichi
10681,Garnier,Florina
10692,Bage,Larisa
10701,Zolotykh,Hyuncheol
10705,Wynblatt,Hironobu
10710,Kermarrec,Sorina
10725,Isard,Garnet
10744,Syang,Yaghout
10754,Feinberg,Chenyi
10765,Norsworthy,Goetz
10767,Doering,Monique
10770,Perry,Bedir
10788,Ullian,Frazer
10795,Naudin,Supot
10804,Benantar,Terresa
10807,Zallocco,Munehiro
10810,Lunn,Lijie
10813,Shumilov,Shalesh
10814,Dymetman,Nidapan
10817,Rullman,Uri
10828,Gammage,Godehard
10832,Bergere,Hidde
10836,Leivant,Jianhua
10837,Karlin,Chuanti
10855,Reinhart,Kwangho
10857,Stenning,Fusako
10862,Kadhim,Zhenbing
10864,Spieker,Elliott
10865,Etalle,Danco
10876,Papastamatiou,Vincent
10878,Deville,Lakshmi
10885,Cronau,Rayond
10889,Coors,Cheong
10890,Furudate,Ramzi
10895,Petersohn,Vishwani
10897,Kumaresan,Arno
10906,Carrere,Munehiro
10914,Prochazka,Mizuhito
10922,Wossner,Kyoichi
10923,Maquelin,Younwoo
10924,Atchley,Hironoby
10953,Laventhal,Jahangir
10955,Danley,Urs
10957,Schnabel,Duke
10959,Vigier,Kerryn
10960,Braunschweig,Billur
10962,Kugler,Naraig
10965,Braunschweig,Eckart
10968,Kolinko,Lakshmi
10977,Murrill,Toong
10981,Dulin,Sugwoo
10996,Rahimi,Matk
10998,Kandlur,Marlo
11002,Ulupinar,Bluma
11008,Menhoudj,Gennady
11009,Axelband,Alper
11015,Riesenhuber,Jeanna
11022,Pintelas,Apostol
11023,Driscoll,Yifei
11024,Collavizza,Manton
11029,Itzfeldt,Georgi
11030,Hellwagner,Kwan
11044,Cherinka,Elvia
11048,Demke,Jaques
11049,Apsitis,Gift
11055,Neiman,Shaleah
11056,Speel,Palash
11057,Vural,Adly
11060,Pokrovskii,Genevieve
11061,Erni,Pintsang
11086,Dalphin,Yishai
11089,Henders,Conal
11092,Stamatiou,Narain
11097,Rissanen,Jovan
11099,Spataro,Woody
11102,Carrera,Bernardo
11109,Stamatiou,Chinho
11120,Curless,Masato
11124,Porenta,Gladys
11144,Heinisuo,Carrsten
11146,Masand,Ishfaq
11149,Imataki,Domenico
11150,Garigliano,Geraldo
11155,Yetto,Moon
11159,Schlenzig,Becky
11163,Huttel,Djenana
11164,Limongiello,Alain
11168,Tetzlaff,Shmuel
11172,Sudkamp,Kristian
11189,Bodoff,Dante
11190,Mellouli,Saeko
11197,Fordan,Tadahiro
11198,Gini,Leif
11205,Ebeling,Tayeb
11206,Sury,Steen
11212,Peternell,Teruyuki
11214,Ibel,Elgin
11222,Neimat,Yishai
11226,Akiyama,Margareta
11237,Salinas,Brendon
11239,Kenevan,Gurbir
11241,Clemencon,Yolla
11248,Tsukuda,Uinam
11254,Rindone,Danel
11256,Ratzlaff,Gudjon
11259,Gronowski,Amalendu
11269,Slutz,Garnik
11271,Rajaraman,Hidde
11272,Molenkamp,Frederique
11282,Schaad,Josyula
11286,Gini,Joydip
11288,Eastman,Domenico
11302,Senzako,Shem
11306,Reeken,Subhankar
11307,Dratva,Mohd
11310,Swab,Jianhua
11315,Meriste,Neven
11318,Unno,Gopalakrishnan
11328,Ferriere,Xiong
11329,McConalogue,Limsoon
11334,Vural,Yurij
11338,Hanratty,Kwangsub
11344,Gulak,Paddy
11353,Berztiss,Utpal
11359,Jayawardene,Subhrajyoti
11360,Schach,Fen
11372,Vilarrasa,Susanta
11377,Rosti,Dayanand
11389,Provine,Ronnie
11401,Merey,Huan
11402,Brizzi,Freyja
11412,Demeyer,Werner
11427,Iisaka,Haldun
11429,Kaminger,Nagui
11430,Klassen,Georgi
11441,Aingworth,Marlo
11443,Nivat,Szabolcs
11468,Maksimenko,Navin
11472,Ghandeharizadeh,Constantino
11478,Ginneken,Nidapan
11480,Itschner,Masoud
11482,Deverell,Uri
11483,Mateescu,Zine
11484,Siepmann,Holgard
11486,Ramaiah,Itzchak
11493,Sevcikova,Shen
11495,Barriga,Shin
11506,Picel,Rance
11515,Basawa,Ulf
11519,Chinen,Halsur
11521,Eastman,Eldridge
11530,Jarecki,Oscar
11535,Ohori,Aemilian
11537,Pehl,DAIDA
11546,Vuskovic,Duro
11547,Flexer,Kyoichi
11552,Ferretti,Tommaso
11556,Hashii,Masasuke
11557,Pesch,Candido
11567,Mitzlaff,Teiji
11579,Merel,Jinxi
11586,Orsini,Shridhar
11594,Butner,Pradeep
11601,Ritzmann,Erez
11609,Marrakchi,Sigeru
11611,Mateescu,Annemarie
11615,Isaak,Shem
11618,Juneja,Gian
11619,Ozeki,Taiji
11621,Baaleh,Ottavia
11632,Bach,Baoqiu
11659,Pileggi,Tremaine
11660,Stenning,Gill
11662,Hofting,Mokhtar
11663,Trumbly,Maria
11664,Brizzi,Oksana
11666,Chimia,Uno
11668,Wursthorn,Hiroyasu
11671,Babu,Pranjal
11672,Businaro,Munir
11680,Iwayama,Aral
11688,Coullard,Denis
11696,Rothe,Dante
11698,Azevdeo,Arun
11706,Remmers,Tesuya
11708,Angot,Chenye
11715,Albarhamtoshy,Arnd
11717,Chaudhury,Mona
11718,Marshall,Richard
11720,Heusch,Abdulla
11723,Bauknecht,Halsur
11728,Makrucki,Serge
11729,Engberts,Xiong
11730,Delaune,Tzu
11740,Pero,Isaac
11746,Marrakchi,Koichi
11747,Kossowski,Aksel
11753,Nishimukai,Fayez
11773,Lorys,Naftaly
11781,Pluym,Tua
11785,Kalsbeek,Hongzhu
11797,Thambidurai,Chenxi
11801,Dayang,Tommaso
11811,Boissier,Herb
11813,Muhlberg,Gita
11817,Markovitch,Niranjan
11828,Paciorek,Mikhail
11830,Snedden,Maya
11838,Nitta,Taiji
11840,Hofman,Jayson
11849,Homond,Chenye
11850,Maginnis,Bikash
11852,Yurek,Zhongwei
11857,Farrag,Divier
11859,Muhlberg,Ipke
11873,Reeken,Venkatesan
11874,Motley,Baoqiu
11880,Esposito,Akeel
11881,Staelin,Arra
11882,Manders,Zhonghua
11884,Moehrke,Patricia
11890,Kirkerud,Remmert
11892,Lorys,Tesuro
11897,Setlzner,Cordelia
11904,Flasterstein,DeForest
11908,Iisaku,Candida
11927,Aingworth,Mana
11936,Jonsson,Oddvar
11941,Cyre,Gaurav
11946,Maraist,Charlene
11947,Lortz,Kiyomitsu
11961,Birdsall,Sumant
11962,Erde,Niranjan
11964,Norsworthy,Tzu
11966,Rotem,Poornachandra
11969,Lorcy,Sibyl
11980,Pews,Yechezkel
12011,Coorg,Zhilian
12012,Zolotykh,Syozo
12013,Vidya,Baziley
12026,Pleszkun,Moon
12034,Piazza,Aemilian
12036,Ratzlaff,Mads
12046,Ranum,Xiong
12054,Braccini,Odysseas
12067,Kalsbeek,Doowon
12076,Siprelle,Karlis
12080,Feinberg,Panayotis
12082,Yamaashi,Xinan
12097,Serdy,Mostafa
12098,Eugenio,Pranay
12099,Kuzuoka,Nobuyoshi
12100,Beznosov,Nevio
12102,Erde,Aron
12113,DeMori,Larisa
12119,Peot,Sachin
12128,Barreiro,Yannik
12129,Isaac,Hairong
12146,Garnick,Urs
12149,Grandbois,Suebskul
12160,Garrabrants,Aamer
12178,Chinal,Miyeon
12184,Zhang,Chenxi
12189,Redmiles,Berni
12199,Poupard,Huan
12213,Brizzi,Kwangho
12224,Lenart,Nikolaus
12225,Narahara,Yongqiao
12229,Pfau,Howell
12232,Ratnakar,Subhankar
12234,Rosar,Miomir
12235,Haumacher,Honesty
12237,Ballarin,Chikara
12253,Gimarc,Amabile
12259,Hofting,Juichirou
12261,Hardjono,Udi
12273,Uehara,Jaideep
12284,Khasidashvili,Hatim
12290,Braccini,Jeanne
12291,Koyama,Masamitsu
12294,Heydon,Arch
12295,Lammel,Weicheng
12296,Garnier,Kendra
12297,Krone,Yoshimitsu
12301,Akazan,Oksana
12306,Menyhert,Suvo
12318,Vesna,Jingling
12321,Schicker,Heekeun
12325,Randt,Alassane
12330,Eugenio,Oguz
12349,Denos,Yannik
12358,Syrotiuk,Achilleas
12373,Driscoll,Mooi
12390,Kilgour,Kwangsub
12393,Uhrig,Soenke
12398,Solovay,Arif
12399,Luga,Mihalis
12400,Winter,Genki
12411,Ibel,Shao
12412,Peres,Chaitali
12414,Kruskal,Kish
12415,Sluis,Uri
12430,Feldmann,Kristine
12435,Gadepally,Marek
12438,Mondadori,Yongmao
12448,Salverda,Honglan
12454,Farris,Kerryn
12457,Pettis,Olivera
12460,Gerlach,Jingling
12464,Milicic,Shai
12478,Hopewell,Yahiko
12491,Gruenwald,Cullen
12497,Penz,Stein
12499,Lamba,Izaskun
12505,Goldhammer,Barton
12513,Vesna,Niteen
12521,Ranka,Geoffry
12523,Casley,Tonia
12537,Gonthier,Avishai
12541,Nanard,Shih
12552,Zongker,Mechthild
12560,Makinen,Leszek
12565,Mullainathan,Theron
12567,DasSarma,Horward
12575,Merel,Sadok
12582,Herath,Saniya
12590,Rosenbaum,Gita
12591,Makrucki,Georgy
12593,Melter,Lubomir
12595,Morrey,Yaghout
12598,Farrow,Hatem
12605,Feldmann,Petter
12612,Thimonier,Chandrasekaran
12617,Rusterholz,Shawna
12620,Swick,Shahaf
12622,Kobara,Jiafu
12624,Zykh,Zhongwei
12625,Basart,Goo
12629,Siksek,Kensyu
12640,Lindqvist,Shigeo
12645,Decaestecker,Kyoichi
12651,Bael,Pragnesh
12656,Morton,Seshu
12658,Farris,Laurentiu
12660,Escriba,Stamatina
12664,Parveen,Zhonghua
12673,Rajala,Jouni
12675,Krohm,Dekang
12681,Akaboshi,Rosalyn
12685,Openshaw,Siamak
12687,Badache,Weicheng
12690,Mitchem,Valter
12698,Paciorek,Arunas
12699,Setia,Izaskun
12703,Brookner,Luigi
12704,Tetzlaff,Gino
12705,Driscoll,Dung
12707,Zastre,Gregory
12708,Syang,Hatem
12716,Theuretzbacher,Angel
12720,Blokdijk,Spyrose
12724,Lammel,Parke
12732,Takanami,Mara
12742,Bhattacharjee,Supot
12756,Braccini,Mohit
12759,Kuszyk,LiMin
12761,Schaad,Hitofumi
12766,Molberg,Shuji
12770,Benzaken,Maik
12777,Cichocki,Sreenivas
12781,Belinskaya,Bogdan
12790,Perl,Gunilla
12798,Beeson,Lillian
12800,Hettesheimer,Tiina
12803,Boissier,Gad
12805,Itschner,Naraig
12818,Wendorf,Arunas
12826,Mandell,Claude
12834,Krohm,Tadahiro
12845,Baar,Florian
12858,Driscoll,Jianwen
12862,Mullainathan,Hidde
12870,Pfau,Elvis
12872,Schmittgen,Marl
12873,Lorie,Xiaoshan
12875,Validov,Giri
12880,Setia,Fumiya
12881,Yurek,Huai
12886,Liesche,Aimee
12890,Casley,Neven
12893,Crouzet,Licheng
12894,Stafford,Heng
12902,Perng,Rimli
12903,Salverda,Radhika
12909,Lamba,Dipankar
12915,Ligten,Arco
12917,Remmele,Sergi
12919,Cooley,Owen
12922,Porenta,Jacqueline
12931,Hutton,Spyrose
12943,Zucker,Kazuhide
12951,Keirsey,Mohammad
12954,Walston,Dinkar
12955,England,Eckart
12962,Beerel,Paraskevi
12964,Bennis,Hidefumi
12969,Angot,Mohan
12974,Frolund,Gift
12976,Szmurlo,Alejandro
12985,Hellwagner,Yoshimitsu
12993,Sessa,Subhash
12996,Madeira,Khalil
13007,Frolund,Yagil
13018,Moehrke,Toshimi
13028,Siksek,Mayumi
13033,Jansen,Satoru
13034,Rosen,Arunas
13035,Isaac,Waiman
13036,Heystek,Idoia
13037,Schaad,Alagu
13043,Kobuchi,Keiichiro
13056,Zirintsis,Arvind
13065,Schiper,Zine
13073,Journel,Utpal
13075,Morrin,Rosella
13081,Bahi,Mandell
13083,Wilfing,Marek
13093,Unno,Sajjan
13112,Pouyioutas,Hiroyasu
13115,Comellas,Jianhua
13117,Masand,Arve
13124,Garnick,Quingbo
13142,Kowalchuk,Sanjiv
13146,Erie,Haldon
13147,Ginesta,Shichao
13154,Soicher,Shan
13158,Kilgore,Deborah
13162,Goodrum,Shaw
13169,Hasham,Fun
13172,Whittlesey,Mountaz
13173,Horswill,Arve
13176,Thiria,Pranas
13178,Itschner,Kankanahalli
13179,Janocha,Moty
13186,Barbanera,Kyoichi
13187,Pusterhofer,Maria
13201,Ranta,Tomofumi
13205,Breugel,Maja
13210,Klassen,Jianhua
13212,Boyle,Thodoros
13213,Billawala,Hein
13223,Rabejac,Koldo
13227,Pell,Goncalo
13236,Axelband,Flemming
13238,Foote,Ebru
13241,Narahari,Uta
13243,Huxford,Fay
13246,Siepmann,Adil
13248,Guting,Keiichiro
13249,Rissland,Oldrich
13259,Dredge,Cheong
13261,Peternell,Martial
13264,Hofting,Oguz
13268,Yurov,Munehiro
13292,Alpin,Bokyung
13293,Yurov,Neelam
13303,Rissanen,Koldo
13305,Herath,Bikash
13308,Melter,Demin
13329,Rissland,Ottavia
13335,Akaboshi,Val
13345,Basart,Hatsukazu
13349,Danner,Zeydy
13367,Swiler,Xumin
13372,Staudhammer,Valeri
13384,Ghemri,Nectarios
13387,Tzvieli,Froduald
13392,Beidas,Fumitake
13403,Diderrich,Toney
13404,Halevi,Luerbio
13405,Baba,Randy
13410,Rebaine,Tremaine
13413,Iivonen,Sanjit
13414,Hofstetter,Nevio
13417,Condotta,Dipayan
13419,Leivant,Bouchung
13423,Chartres,Giri
13427,Narwekar,Sreekrishna
13428,Kalloufi,Sanjai
13431,Sidje,Danco
13432,Armand,Masadi
13436,Picaronny,Mana
13447,Lortz,Yucel
13449,Coorg,Subhada
13466,Yoshizawa,LiMin
13475,Piancastelli,Kamakshi
13477,Karlin,Reuven
13479,Besselaar,Youjian
13489,Itschner,Fumino
13491,Halevi,Xiaocheng
13496,Lortz,Dipankar
13498,Delaune,Mohammad
13501,Peek,Caolyn
13503,Milicia,Renee
13513,Kitsuregawa,Atilio
13515,Kisuki,Sachin
13519,Cardazo,Kristin
13524,Porotnikoff,Chaoyi
13528,Liesche,Fumitaka
13529,Matzen,Toshimori
13540,Krohn,Cordelia
13542,Budinsky,Fun
13543,Garigliano,Tua
13544,Sullins,Beshir
13551,Ducloy,Shuichi
13553,Cusworth,Masato
13555,Matteis,Lijia
13559,Yurek,Etsuo
13564,Manderick,Jongsuk
13577,Penttonen,Tianruo
13588,Dahlbom,Xuejia
13599,Versino,Gor
13602,Bazelow,Kirk
13604,Stille,Tzu
13605,Encarnacion,Dmitry
13606,Feldmann,Tuval
13607,Rusmann,Khedija
13608,Ducloy,Charmane
13618,Ferretti,Xiaoqiang
13622,Juneja,Tamiya
13632,Brattka,Teiji
13650,Chepyzhov,Shaowei
13656,Ferretti,Oldrich
13660,McConalogue,Ziya
13661,Kobara,Marsal
13672,Desikan,Tremaine
13676,Avouris,Gadiel
13680,Speer,Denny
13684,Christ,Elvia
13690,Osgood,Constantino
13691,Schnelling,Sandeepan
13692,Kisuki,Yongdong
13700,Weedon,Mingdong
13709,Brendel,Mamdouh
13715,Range,Licheng
13718,Gronowski,Lein
13720,Braccini,Rildo
13721,Delgrossi,Sugwoo
13723,Schnelling,Magy
13736,Albarhamtoshy,Pranas
13747,Capobianchi,Masaru
13752,Otillio,Kwangho
13754,Bahr,Jongsuk
13758,Sidou,Subhrajyoti
13762,Choobineh,Fumino
13763,Tsukune,Etsuo
13764,Usery,Demin
13769,Trogemann,Yakichi
13770,Koyama,Eirik
13775,Maierhofer,Arve
13784,Ranst,Surveyors
13785,Legleitner,Shietung
13786,Berendt,Takushi
13790,DiGiano,Hongzue
13801,Mayerwieser,Shih
13805,Veldwijk,Barry
13808,Stentiford,Becky
13812,Sury,Fumiko
13836,Przulj,Taiji
13845,Ritcey,Alejandro
13848,Wallrath,Jianhao
13856,Conta,Xiping
13863,Baig,Reinhard
13865,Peir,Junsik
13866,Fargier,Macha
13871,Plavsic,Anoosh
13878,Eiron,Shigeaki
13891,Parascandalo,Mokhtar
13898,Hiroyama,Oguz
13902,Kilgore,Greger
13909,Leslie,Szabolcs
13916,Wynblatt,Vidya
13928,Nitta,Mahmut
13930,Chartres,Sukumar
13941,Schapire,IEEE
13943,Plump,Maya
13947,Nishimukai,Gal
13949,Perna,Fai
13951,Genther,Mooi
13975,Peternell,Jamaludin
13978,Bardell,Mayuko
13983,Siepmann,Sarita
13986,Ramsey,Geraldo
13993,Marciano,Troy
13994,Remmele,Tesuro
14000,Engberts,Falguni
14009,Greibach,Snehasis
14025,Takanami,Stevo
14028,Sury,Itzchak
14036,Schaad,Bogdan
14050,Botman,Duangkaew
14054,Borstler,Babette
14065,Stanger,Bikash
14066,Marrakchi,Gennadi
14071,Manderick,Tristan
14081,Fontet,Alain
14082,Krychniak,Siddarth
14086,Syrotiuk,Willard
14095,Underwood,Tonia
14105,Orlowski,Ramachenga
14108,Khasidashvili,Shmuel
14119,Georgakopoulos,Katsuo
14122,Erde,Masato
14125,Ertl,Taisook
14142,Beausoleil,Macha
14156,Kading,Emdad
14158,Setiz,Caolyn
14160,Hofting,Shaowen
14172,Nitsch,Vasilis
14176,Thiran,Seshu
14179,Emiris,Sverrir
14181,Gecsel,Persi
14182,Encarnacion,Abdulla
14184,Barvinok,Nalini
14187,Peot,Susuma
14189,Tsukuda,Nahla
14197,Chachaty,Adin
14200,Sankaranarayanan,Masali
14221,Maginnis,Zhiwei
14238,Puoti,Barton
14241,Ranze,Zhonghui
14252,Fargier,Weiyi
14264,Dulin,Marco
14273,Benveniste,Atreye
14275,Aseltine,Tristan
14278,Schapiro,Kazuhiro
14282,Aumann,Claudi
14310,Leuchs,Marlo
14315,Standera,Baocai
14325,Lampe,Qingxiang
14343,Rotem,Pranav
14354,Bojadziev,Mong
14357,Siegrist,Maria
14359,Leslie,Henk
14364,Lund,Remzi
14366,Laventhal,Gererd
14373,Perry,Khosrow
14375,Eickenmeyer,Tokuyasu
14381,Weedon,Danco
14382,Sichman,Zhigen
14387,Sanella,Guozhong
14396,Gubsky,Charmane
14397,Hardjono,Feixiong
14404,Beetstra,Sariel
14409,Pettis,Uta
14413,Masand,Shim
14428,McFarlan,Zorica
14429,Koblick,Marek
14432,Kalloufi,Tomoyuki
14442,Koprowski,Qunsheng
14443,Barriga,Kinh
14454,Ananiadou,Gita
14461,Hitomi,Weicheng
14465,Mitzlaff,Sajjan
14468,Ertl,Unal
14472,Leuchs,Chinho
14478,Boissier,Munehiro
14480,Crabtree,Irena
14487,Molenkamp,Jungsoon
14508,Babu,Shahid
14513,Barreiro,Samphel
14516,Underwood,Kristian
14519,Usery,Xiong
14523,Busillo,Leif
14524,Trogemann,Nobuyoshi
14527,Kroha,Arne
14528,Bondorf,Poornachandra
14538,Krone,Itzchak
14541,Terwilliger,Suebskul
14544,Janetzko,Licheng
14549,Kopetz,Alain
14550,Kriebel,Mechthild
14551,Sinitsyn,Richard
14553,Selvestrel,Uri
14562,Peroz,Shunichi
14575,Anick,Aluzio
14591,Akiyama,Martijn
14595,Demian,Margareta
14597,Ritcey,Aloke
14604,Hammerschmidt,Paloma
14607,Selvestrel,Suzette
14610,Merle,Lijia
14611,Coors,Marsja
14618,Brlek,Cedric
14621,Wixon,Souichi
14628,Vandervoorde,Pranjal
14639,Hempstead,Arvind
14644,Oxman,Yefim
14648,Lorys,IEEE
14657,Casperson,Saddek
14658,Morton,Mohd
14662,Maquelin,Maya
14665,Brlek,Honesty
14673,Pusterhofer,Dinkar
14676,Zedlitz,Bikash
14684,Przulj,Jayesh
14685,Kawashimo,Deborah
14686,Deville,Oldrich
14705,Leonhardt,Stella
14706,Guting,Hatem
14707,Barreiro,Dung
14715,Knightly,Chuanyi
14721,Vanwelkenhuysen,Jordanka
14735,Kavanagh,Hisao
14736,Bala,Martial
14737,Impagliazzo,Houman
14742,Renear,Hairong
14747,Leppanen,Toong
14758,Bolsens,Adin
14761,Rettelbach,Yunming
14767,Merle,Jianhua
14778,Trystram,Bernd
14783,Fasbender,Gennadi
14787,Poujol,Irene
14805,Ramalingam,Elliott
14807,Zweizig,Miquel
14813,Alpin,Naftali
14826,Radivojevic,Pohua
14827,Lortz,Wuxu
14830,Trachtenberg,Tsz
14836,Paludetto,Chiradeep
14837,Cappello,Perry
14838,Yurek,Inderjeet
14841,Poulakidas,Stein
14842,Godskesen,Anneke
14845,Homond,Theron
14847,Perng,Matk
14863,Yavatkar,Achilleas
14864,Hebert,Yannis
14865,Serra,Ute
14871,Kaiserswerth,Arnd
14881,Mateescu,Demos
14882,Matzen,Malu
14886,Krupka,Takahira
14888,Barriga,Temple
14889,Solovay,Subhash
14891,Smeets,Lalit
14894,Picaronny,Achilleas
14898,Jakobus,Gurbir
14899,Casley,Alejandro
14903,Poehlman,Shalesh
14904,Ouhyoung,Chaitali
14907,Luga,Nakhoon
14937,Angot,Duke
14957,Munke,Turgut
14958,Beausoleil,Prasadram
14966,Underwood,Zhanqiu
14969,Himler,Hongzue
14973,Schaad,Fumitaka
14979,Marletta,Steen
14985,Syang,Almudena
14986,Srimani,Perla
14990,Gruenwald,Leon
14991,Bael,Odinaldo
15000,Bahi,Thanasis
15006,Cools,Miquel
15007,Sridhar,Visit
15011,Isard,Felicidad
15023,Dredge,Sumant
15030,Nourani,Rasikan
15039,Huttel,Krister
15043,Ventosa,Christoph
15046,Prochazka,Marin
15053,Raczkowsky,Shigeu
15062,Monarch,Mads
15064,Comyn,Wilmer
15071,Couchot,Ayonca
15095,Hofmeyr,Ziya
15097,Winter,Gudjon
15099,Meszaros,Mack
15100,Haumacher,Akeel
15105,Itzigehl,Sudhanshu
15110,Dolinsky,Martina
15113,Giaccio,Zhiguo
15120,Otillio,Minghong
15127,Binkley,Sanjeeva
15130,Puppo,Mohua
15134,Luiz,Arun
15139,Strandh,Gor
15143,Krupka,Chiradeep
15151,Pouyioutas,Urs
15161,Sanella,Sushant
15170,Bale,Mana
15176,Sankaranarayanan,Charlene
15181,Reghbati,Leif
15184,Sundgren,Sachem
15188,Weiland,Sudharsan
15203,Fontet,Adly
15206,Azulay,Yaghout
15209,Luca,Takushi
15210,Peot,Apostol
15213,Molenkamp,Arie
15214,Bernatsky,Shahid
15221,Kroha,Alselm
15223,Harllee,Izaskun
15227,Schusler,Bernd
15242,Strehl,Kasturi
15263,Loncour,Sanjeeva
15264,Remmers,Christfried
15268,Fujisawa,Bernardo
15271,Bernardeschi,Shiv
15277,Chartres,Subir
15284,Hiraishi,Maja
15292,Lammel,Miyeon
15304,Sethi,Menkae
15306,Katzenelson,Gurbir
15307,Schrift,Rafael
15313,Baig,Martijn
15326,Mersereau,Bogdan
15330,Chinal,Jaroslava
15333,Matzel,Djelloul
15341,Farrow,Shigehiro
15347,Paciorek,Przemyslawa
15359,Schmiedel,Yinlin
15360,Neiman,Xianlong
15364,Quittner,Sakthirel
15367,Schoegge,Mitsuyuki
15369,Penttonen,Premal
15371,Kuszyk,Shih
15372,Broder,Nahum
15378,Hiraishi,Shounak
15381,Jervis,Berna
15382,Siegrist,Alassane
15388,Spelt,Heekeun
15394,Plessier,Limsoon
15404,Sidhu,Insup
15410,Kushner,Wilmer
15415,Marquardt,Claudi
15418,Neimat,Gianluca
15432,Simmen,Adib
15454,Cesareni,Hongzue
15466,Dichev,Younwoo
15469,Sadowski,Aksel
15474,Plumb,Gilbert
15478,Erbe,Miyeon
15489,Maksimenko,Ayonca
15493,Milicic,Shirish
15495,Rotem,Sven
15499,Simkin,Tetsushi
15501,Vilarrasa,Mandell
15503,Tagansky,Stamatina
15506,Perz,Zhenbing
15507,Luff,Mikhail
15511,Kowalchuk,George
15521,Argence,Takahiro
15529,Joslin,Jacopo
15533,Gien,Gift
15539,Spieker,Shigeichiro
15546,Zaiane,Francoise
15558,Pehl,Aron
15566,Azuma,Baoqiu
15577,Menhardt,Matt
15583,Denny,Kasidit
15590,Kaminger,Shuichi
15596,Baba,Bedir
15598,Kemmerer,Kristinn
15601,Anily,Carrsten
15605,Tchuente,Gil
15607,Massonet,Ekawit
15614,Slaats,Piyawadee
